FAKE-CDK-DZSHETRBNQMQULOP,0001
FAKE-CDK-EABEWFLMGQWVOLTH,0001
FAKE-CDK-GJOWAFGVNZLYKXHS,0001
FAKE-CDK-LDFSSEIDRWVYCAKG,0001
FAKE-CDK-MVLMSCTEVVIBHVXX,0001
FAKE-CDK-QDHIVYWLRDWIFETB,0001
FAKE-CDK-RPXCLZIJRBMGGHDY,0001
FAKE-CDK-SVTBYTMYEZVRXFWL,0001
FAKE-CDK-UWHVPMXCRRERJBTN,0001
FAKE-CDK-VYWEXUCLBTCKDWLF,0001
FAKE-CDK-XKQPXIDCQTAQRKNY,0001
FAKE-CDK-JYOKMAPYYVKXCUYC,0002
FAKE-CDK-UECQUDIOMEXIKMMS,0002
FAKE-CDK-USAQGGDDUWDWHJDB,0002
FAKE-CDK-VFGPZSSJWITOFIRC,0002
FAKE-CDK-XQWQKLIJVOBWEFBY,0002
FAKE-CDK-ARDRQHAPZKEUDLLN,0003
FAKE-CDK-ATJBOEIAMAFGUSOU,0003
FAKE-CDK-FVBKERIDVQAIGNCB,0003
FAKE-CDK-OJNDVEVIGTCIPIJD,0003
FAKE-CDK-QQXKSPALYGEHRIRY,0003
FAKE-CDK-RXKNUGPHHULMJYIT,0003
FAKE-CDK-UIBMTYDTDDVXRXEK,0003
FAKE-CDK-UXPNJNNYKJLNBUKA,0003
FAKE-CDK-XLZKNPYWAFMAVZPM,0003
FAKE-CDK-XUKMZTBZCHIUNDRX,0003
FAKE-CDK-XXOHJDBSZPRAIXPS,0003
FAKE-CDK-ARMBIZKWDNWCCDFJ,0004
FAKE-CDK-CDFCFBHRWDSMFBUP,0004
FAKE-CDK-CHXJKOYDMXCVCKAD,0004
FAKE-CDK-DHESIRVUKHWVTKCP,0004
FAKE-CDK-HZWKIQROUBMCOVSD,0004
FAKE-CDK-KKQCCRZESIPDQVBH,0004
FAKE-CDK-NISUWRIPYDISWEPU,0004
FAKE-CDK-NQGXFPKWUZRGIJRO,0004
FAKE-CDK-PIJQDVDSVRHPXFDJ,0004
FAKE-CDK-PVEQEWGFXGYXFTRB,0004
FAKE-CDK-RAIGPBVAAANORRQS,0004
FAKE-CDK-RDFAHYDBJXZVVUAX,0004
FAKE-CDK-RWTEWHVNBXPGEHZL,0004
FAKE-CDK-UNYQTYZPZNOLUUAB,0004
FAKE-CDK-VIIBRJRWFUJJEDHH,0004
FAKE-CDK-XUCEIXCEUSNDCFHQ,0004
FAKE-CDK-ZHLBKZRBVLPRJGUJ,0004
FAKE-CDK-ECHPOHZGYWMGVXLJ,0005
FAKE-CDK-IHEDDNYATJJTLVAH,0005
FAKE-CDK-LLRSZQUZIDFQMMZP,0005
FAKE-CDK-OJRRXUKGOKANGHZP,0005
FAKE-CDK-QICQVXPAVVUUYWTO,0005
FAKE-CDK-RYNOSEZRZHTQUIFQ,0005
FAKE-CDK-TVCAFGVWWLKZGUEJ,0005
FAKE-CDK-WCSTRKRKOMGYUUDC,0005
FAKE-CDK-WVHQPOUBVNNKQXFV,0005
FAKE-CDK-CCWNWICBDEJVPVHV,0006
FAKE-CDK-DAENNSEISQSCEVLD,0006
FAKE-CDK-DNBJSUPKZJVPAHTM,0006
FAKE-CDK-DPVBFBDCAUHGQBJG,0006
FAKE-CDK-DYQYKYGLFTWLLNUL,0006
FAKE-CDK-IPACNRUENRCMKYNF,0006
FAKE-CDK-IRFXVGEDOINLCOPR,0006
FAKE-CDK-JCMHRRHPVGXACMWZ,0006
FAKE-CDK-JYESWEVERIPCFWVV,0006
FAKE-CDK-KHGNEQSWIZSBLWMQ,0006
FAKE-CDK-LZHTIGNALNMWGAZV,0006
FAKE-CDK-MYALZXQLNSTGTRWR,0006
FAKE-CDK-NRICAAQJOHIZDGRN,0006
FAKE-CDK-NUUTEQLMPGBRFOAY,0006
FAKE-CDK-NXHWTQFRRXLUCMZH,0006
FAKE-CDK-RGZVPHVEAWKVQZOG,0006
FAKE-CDK-RYCLNBFFJIFQIUSS,0006
FAKE-CDK-XKVKARHLNSRLUIIC,0006
FAKE-CDK-AVHHHWTLOJVCPEUA,0007
FAKE-CDK-COZKSMRGUGPETWDY,0007
FAKE-CDK-CWYMMBYBINNLFUPT,0007
FAKE-CDK-DHMJGLDQSXMBWCDE,0007
FAKE-CDK-FVMQJQUSPBFYUFAP,0007
FAKE-CDK-GBELYWHMRJBKCHXE,0007
FAKE-CDK-HOCAGQASAGHYJQCS,0007
FAKE-CDK-IUABKRKOCFNEWIID,0007
FAKE-CDK-JHCEXFVSZQKCBTDT,0007
FAKE-CDK-JNRRSOLPCDFKDBIE,0007
FAKE-CDK-MRWMJVXFDOEMIMMW,0007
FAKE-CDK-MUFHWPOQZRLDYNRY,0007
FAKE-CDK-NFPJAQSERSYHNAGC,0007
FAKE-CDK-RGGUWDZGLCKQCCCY,0007
FAKE-CDK-UZZNZNHPNROTABNG,0007
FAKE-CDK-VKNBYFPWGLKMWFIV,0007
FAKE-CDK-XNQHLFJKWYWPVWVZ,0007
FAKE-CDK-YZPUCOPVZUBVOFNX,0007
FAKE-CDK-ZZGXABPCADZHRVZK,0007
FAKE-CDK-AYOPJXLSQZDSPOUE,0008
FAKE-CDK-EBTTTXULIMLXOSBW,0008
FAKE-CDK-GZGNRVQXSSSQMPSH,0008
FAKE-CDK-JKMQYICMPCTGJNVM,0008
FAKE-CDK-JMEOTAGPWBLYRINK,0008
FAKE-CDK-LTQOSMUZZUUILXYK,0008
FAKE-CDK-RGUZRAETBFUYVKSB,0008
FAKE-CDK-SDEAFHYJWCJKLAAE,0008
FAKE-CDK-VCBBLPNIDIQESZVK,0008
FAKE-CDK-XSMAQKYMBLBXUBXP,0008
FAKE-CDK-YTGIZHEMASYLBYJU,0008
FAKE-CDK-ADCJKPZYJLKRGAHU,0009
FAKE-CDK-DKWIPXUPWISYDGTG,0009
FAKE-CDK-EBGNOFJTAGWQWXMT,0009
FAKE-CDK-GINRFYLZYBUBHWEV,0009
FAKE-CDK-HJHCMTFJUMIBBRMN,0009
FAKE-CDK-IPFHMHDGUFARLWQO,0009
FAKE-CDK-MKPYDODDVZTHSDKL,0009
FAKE-CDK-MNFOXASHRYAGOPPA,0009
FAKE-CDK-QRHPEMEAJYSHRYXB,0009
FAKE-CDK-QUYTLOWKDWJQYYCR,0009
FAKE-CDK-XFDPDKHBSAIUYCSK,0009
FAKE-CDK-XOPCLGRNORTENYUI,0009
FAKE-CDK-BDPAUXGOFDPCKQLK,0010
FAKE-CDK-CNYJZIYBUNLOKIKE,0010
FAKE-CDK-FZJYVUVFXQWLHBWZ,0010
FAKE-CDK-NQDSSVTEAGXMHYXK,0010
FAKE-CDK-QEUQTJQQQRORGUUV,0010
FAKE-CDK-QROKQLSDIQHFGZPA,0010
FAKE-CDK-RONAKJRIPMELJUJI,0010
FAKE-CDK-SBIUUKASJIDGMRGQ,0010
FAKE-CDK-UWCXHYLFFRASABMR,0010
FAKE-CDK-YCNOGNIUOYPEIAXW,0010
FAKE-CDK-ZSSCZXZFKLECSFST,0010
